eon,era,period,epoch,stage,base_ma,top_ma
Phanerozoic,Cenozoic,Quaternary,Holocene,Meghalayan,0.0042,0
Phanerozoic,Cenozoic,Quaternary,Holocene,Northgrippian,0.0082,0.0042
Phanerozoic,Cenozoic,Quaternary,Holocene,Greenlandian,0.0117,0.0082
Phanerozoic,Cenozoic,Quaternary,Pleistocene,Upper,0.129,0.0117
Phanerozoic,Cenozoic,Quaternary,Pleistocene,Chibanian,0.774,0.129
Phanerozoic,Cenozoic,Quaternary,Pleistocene,Calabrian,1.80,0.774
Phanerozoic,Cenozoic,Quaternary,Pleistocene,Gelasian,2.58,1.80
Phanerozoic,Cenozoic,Neogene,Pliocene,Piacenzian,3.6,2.58
Phanerozoic,Cenozoic,Neogene,Pliocene,Zanclean,5.333,3.6
Phanerozoic,Cenozoic,Neogene,Miocene,Messinian,7.246,5.333
Phanerozoic,Cenozoic,Neogene,Miocene,Tortonian,11.63,7.246
Phanerozoic,Cenozoic,Neogene,Miocene,Serravallian,13.82,11.63
Phanerozoic,Cenozoic,Neogene,Miocene,Langhian,15.97,13.82
Phanerozoic,Cenozoic,Neogene,Miocene,Burdigalian,20.44,15.97
Phanerozoic,Cenozoic,Neogene,Miocene,Aquitanian,23.03,20.44
Phanerozoic,Cenozoic,Paleogene,Oligocene,Chattian,27.82,23.03
Phanerozoic,Cenozoic,Paleogene,Oligocene,Rupelian,33.9,27.82
Phanerozoic,Cenozoic,Paleogene,Eocene,Priabonian,37.71,33.9
Phanerozoic,Cenozoic,Paleogene,Eocene,Bartonian,41.2,37.71
Phanerozoic,Cenozoic,Paleogene,Eocene,Lutetian,47.8,41.2
Phanerozoic,Cenozoic,Paleogene,Eocene,Ypresian,56.0,47.8
Phanerozoic,Cenozoic,Paleogene,Paleocene,Thanetian,59.2,56.0
Phanerozoic,Cenozoic,Paleogene,Paleocene,Selandian,61.6,59.2
Phanerozoic,Cenozoic,Paleogene,Paleocene,Danian,66.0,61.6
Phanerozoic,Mesozoic,Cretaceous,Upper,Maastrichtian,72.1,66.0
Phanerozoic,Mesozoic,Cretaceous,Upper,Campanian,83.6,72.1
Phanerozoic,Mesozoic,Cretaceous,Upper,Santonian,86.3,83.6
Phanerozoic,Mesozoic,Cretaceous,Upper,Coniacian,89.8,86.3
Phanerozoic,Mesozoic,Cretaceous,Upper,Turonian,93.9,89.8
Phanerozoic,Mesozoic,Cretaceous,Upper,Cenomanian,100.5,93.9
Phanerozoic,Mesozoic,Cretaceous,Lower,Albian,113.0,100.5
Phanerozoic,Mesozoic,Cretaceous,Lower,Aptian,121.4,113.0
Phanerozoic,Mesozoic,Cretaceous,Lower,Barremian,125.77,121.4
Phanerozoic,Mesozoic,Cretaceous,Lower,Hauterivian,132.6,125.77
Phanerozoic,Mesozoic,Cretaceous,Lower,Valanginian,139.8,132.6
Phanerozoic,Mesozoic,Cretaceous,Lower,Berriasian,145.0,139.8
Phanerozoic,Mesozoic,Jurassic,Upper,Tithonian,149.2,145.0
Phanerozoic,Mesozoic,Jurassic,Upper,Kimmeridgian,154.8,149.2
Phanerozoic,Mesozoic,Jurassic,Upper,Oxfordian,161.5,154.8
Phanerozoic,Mesozoic,Jurassic,Middle,Callovian,165.3,161.5
Phanerozoic,Mesozoic,Jurassic,Middle,Bathonian,168.2,165.3
Phanerozoic,Mesozoic,Jurassic,Middle,Bajocian,170.9,168.2
Phanerozoic,Mesozoic,Jurassic,Middle,Aalenian,174.7,170.9
Phanerozoic,Mesozoic,Jurassic,Lower,Toarcian,184.2,174.7
Phanerozoic,Mesozoic,Jurassic,Lower,Pliensbachian,192.9,184.2
Phanerozoic,Mesozoic,Jurassic,Lower,Sinemurian,199.5,192.9
Phanerozoic,Mesozoic,Jurassic,Lower,Hettangian,201.4,199.5
Phanerozoic,Mesozoic,Triassic,Upper,Rhaetian,208.5,201.4
Phanerozoic,Mesozoic,Triassic,Upper,Norian,227.0,208.5
Phanerozoic,Mesozoic,Triassic,Upper,Carnian,237.0,227.0
Phanerozoic,Mesozoic,Triassic,Middle,Ladinian,242.0,237.0
Phanerozoic,Mesozoic,Triassic,Middle,Anisian,247.2,242.0
Phanerozoic,Mesozoic,Triassic,Lower,Olenekian,249.2,247.2
Phanerozoic,Mesozoic,Triassic,Lower,Induan,251.902,249.2
Phanerozoic,Paleozoic,Permian,Lopingian,Changhsingian,254.14,251.902
Phanerozoic,Paleozoic,Permian,Lopingian,Wuchiapingian,259.51,254.14
Phanerozoic,Paleozoic,Permian,Guadalupian,Capitanian,264.28,259.51
Phanerozoic,Paleozoic,Permian,Guadalupian,Wordian,266.9,264.28
Phanerozoic,Paleozoic,Permian,Guadalupian,Roadian,273.01,266.9
Phanerozoic,Paleozoic,Permian,Cisuralian,Kungurian,283.5,273.01
Phanerozoic,Paleozoic,Permian,Cisuralian,Artinskian,290.1,283.5
Phanerozoic,Paleozoic,Permian,Cisuralian,Sakmarian,293.52,290.1
Phanerozoic,Paleozoic,Permian,Cisuralian,Asselian,298.9,293.52
Phanerozoic,Paleozoic,Carboniferous,Pennsylvanian,Gzhelian,303.7,298.9
Phanerozoic,Paleozoic,Carboniferous,Pennsylvanian,Kasimovian,307.0,303.7
Phanerozoic,Paleozoic,Carboniferous,Pennsylvanian,Moscovian,315.2,307.0
Phanerozoic,Paleozoic,Carboniferous,Pennsylvanian,Bashkirian,323.2,315.2
Phanerozoic,Paleozoic,Carboniferous,Mississippian,Serpukhovian,330.9,323.2
Phanerozoic,Paleozoic,Carboniferous,Mississippian,Visean,346.7,330.9
Phanerozoic,Paleozoic,Carboniferous,Mississippian,Tournaisian,358.9,346.7
Phanerozoic,Paleozoic,Devonian,Upper,Famennian,372.15,358.9
Phanerozoic,Paleozoic,Devonian,Upper,Frasnian,382.31,372.15
Phanerozoic,Paleozoic,Devonian,Middle,Givetian,387.7,382.31
Phanerozoic,Paleozoic,Devonian,Middle,Eifelian,393.3,387.7
Phanerozoic,Paleozoic,Devonian,Lower,Emsian,407.6,393.3
Phanerozoic,Paleozoic,Devonian,Lower,Pragian,410.62,407.6
Phanerozoic,Paleozoic,Devonian,Lower,Lochkovian,419.2,410.62
Phanerozoic,Paleozoic,Silurian,Pridoli,,423.0,419.2
Phanerozoic,Paleozoic,Silurian,Ludlow,Ludfordian,425.0,423.0
Phanerozoic,Paleozoic,Silurian,Ludlow,Gorstian,427.4,425.0
Phanerozoic,Paleozoic,Silurian,Wenlock,Homerian,430.5,427.4
Phanerozoic,Paleozoic,Silurian,Wenlock,Sheinwoodian,433.4,430.5
Phanerozoic,Paleozoic,Silurian,Llandovery,Telychian,438.5,433.4
Phanerozoic,Paleozoic,Silurian,Llandovery,Aeronian,440.8,438.5
Phanerozoic,Paleozoic,Silurian,Llandovery,Rhuddanian,443.8,440.8
Phanerozoic,Paleozoic,Ordovician,Upper,Hirnantian,445.2,443.8
Phanerozoic,Paleozoic,Ordovician,Upper,Katian,453.0,445.2
Phanerozoic,Paleozoic,Ordovician,Upper,Sandbian,458.4,453.0
Phanerozoic,Paleozoic,Ordovician,Middle,Darriwilian,467.3,458.4
Phanerozoic,Paleozoic,Ordovician,Middle,Dapingian,470.0,467.3
Phanerozoic,Paleozoic,Ordovician,Lower,Floian,477.7,470.0
Phanerozoic,Paleozoic,Ordovician,Lower,Tremadocian,485.4,477.7
Phanerozoic,Paleozoic,Cambrian,Furongian,Stage 10,489.5,485.4
Phanerozoic,Paleozoic,Cambrian,Furongian,Jiangshanian,494.0,489.5
Phanerozoic,Paleozoic,Cambrian,Furongian,Paibian,497.0,494.0
Phanerozoic,Paleozoic,Cambrian,Miaolingian,Guzhangian,500.5,497.0
Phanerozoic,Paleozoic,Cambrian,Miaolingian,Drumian,504.5,500.5
Phanerozoic,Paleozoic,Cambrian,Miaolingian,Wuliuan,509.0,504.5
Phanerozoic,Paleozoic,Cambrian,Series 2,Stage 4,514.0,509.0
Phanerozoic,Paleozoic,Cambrian,Series 2,Stage 3,521.0,514.0
Phanerozoic,Paleozoic,Cambrian,Terreneuvian,Stage 2,529.0,521.0
Phanerozoic,Paleozoic,Cambrian,Terreneuvian,Fortunian,538.8,529.0
Proterozoic,Neoproterozoic,Ediacaran,,,635.0,538.8
Proterozoic,Neoproterozoic,Cryogenian,,,720.0,635.0
Proterozoic,Neoproterozoic,Tonian,,,1000.0,720.0
Proterozoic,Mesoproterozoic,Stenian,,,1200.0,1000.0
Proterozoic,Mesoproterozoic,Ectasian,,,1400.0,1200.0
Proterozoic,Mesoproterozoic,Calymmian,,,1600.0,1400.0
Proterozoic,Paleoproterozoic,Statherian,,,1800.0,1600.0
Proterozoic,Paleoproterozoic,Orosirian,,,2050.0,1800.0
Proterozoic,Paleoproterozoic,Rhyacian,,,2300.0,2050.0
Proterozoic,Paleoproterozoic,Siderian,,,2500.0,2300.0
Archean,Neoarchean,,,,2800.0,2500.0
Archean,Mesoarchean,,,,3200.0,2800.0
Archean,Paleoarchean,,,,3600.0,3200.0
Archean,Eoarchean,,,,4000.0,3600.0
Hadean,,,,,4567.0,4000.0
