Subset,Feature_Set,n_features,Features,R2,RMSE_km,MAE_km,Delta_RMSE_vs_full_km,Delta_MAE_vs_full_km
Top importance,Top_24,24,"Rb, Yb, Lu, Tm, Th, Ho, Y, Er, K2O, Ba, Sr, Al2O3, Pr, P2O5, Nd, Dy, Ce, La, MnO, TiO2, Na2O, Nb, Sm, Tb",0.9060350260398685,4.806113751581613,2.7733685810810824,-0.10876714819887123,-0.0400753378378389
Group preset,Majors_plus_trace_non_REE,18,"SiO2, TiO2, Al2O3, FeO, MnO, MgO, CaO, Na2O, K2O, P2O5, Sr, Y, Rb, Ba, Hf, Nb, Ta, Th",0.9058621907183704,4.81053180523481,2.8534186486486512,-0.10434909454567443,0.03997472972972993
Group preset,No_REE,18,"SiO2, TiO2, Al2O3, FeO, MnO, MgO, CaO, Na2O, K2O, P2O5, Sr, Y, Rb, Ba, Hf, Nb, Ta, Th",0.9058621907183704,4.81053180523481,2.8534186486486512,-0.10434909454567443,0.03997472972972993
Top importance,Top_28,28,"Rb, Yb, Lu, Tm, Th, Ho, Y, Er, K2O, Ba, Sr, Al2O3, Pr, P2O5, Nd, Dy, Ce, La, MnO, TiO2, Na2O, Nb, Sm, Tb, Ta, Hf, FeO, CaO",0.9054635370895288,4.82070683459821,2.76115398648649,-0.09417406518227445,-0.052289932432431296
Top importance,Top_32,32,"Rb, Yb, Lu, Tm, Th, Ho, Y, Er, K2O, Ba, Sr, Al2O3, Pr, P2O5, Nd, Dy, Ce, La, MnO, TiO2, Na2O, Nb, Sm, Tb, Ta, Hf, FeO, CaO, Gd, SiO2, MgO, Eu",0.9033014881542425,4.875519995358637,2.8295629054054077,-0.03936090442184703,0.016118986486486353
Group preset,Core_proxy_plus_major_context,20,"SiO2, Al2O3, FeO, MnO, MgO, CaO, K2O, Sr, Y, La, Ce, Nd, Sm, Eu, Gd, Dy, Yb, Rb, Ba, Th",0.9016301384809824,4.917474048475745,2.8894498648648663,0.0025931486952606164,0.07600594594594501
Top importance,Top_20,20,"Rb, Yb, Lu, Tm, Th, Ho, Y, Er, K2O, Ba, Sr, Al2O3, Pr, P2O5, Nd, Dy, Ce, La, MnO, TiO2",0.9009128592697251,4.935369750483391,2.8869831081081117,0.020488850702906625,0.07353918918919033
Group preset,No_HREE,24,"SiO2, TiO2, Al2O3, FeO, MnO, MgO, CaO, Na2O, K2O, P2O5, La, Ce, Pr, Nd, Sm, Eu, Sr, Y, Rb, Ba, Hf, Nb, Ta, Th",0.8984481347127988,4.996374682824429,2.9309541216216246,0.08149378304394528,0.11751020270270329
Group preset,No_HFSE,28,"SiO2, TiO2, Al2O3, FeO, MnO, MgO, CaO, Na2O, K2O, P2O5, La, Ce, Pr, Nd, Sm, Eu, Gd, Tb, Dy, Ho, Er, Tm, Yb, Lu, Sr, Y, Rb, Ba",0.897369226650397,5.022845819910047,2.9316422297297318,0.10796492012956271,0.11819831081081045
Top importance,Top_16,16,"Rb, Yb, Lu, Tm, Th, Ho, Y, Er, K2O, Ba, Sr, Al2O3, Pr, P2O5, Nd, Dy",0.8931179678673233,5.125820549428739,2.977751756756758,0.21093964964825496,0.16430783783783687
Group preset,Tiny_proxy_set,10,"Sr, Y, La, Yb, Ce, Dy, Gd, Rb, K2O, Al2O3",0.8888193042282247,5.227881566363728,3.216030472972976,0.3130006665832443,0.4025865540540545
Group preset,Trace_non_REE,8,"Sr, Y, Rb, Ba, Hf, Nb, Ta, Th",0.8863567888768383,5.285460055293328,2.980442635135138,0.3705791555128437,0.16699871621621654
Group preset,Majors_plus_REE,24,"SiO2, TiO2, Al2O3, FeO, MnO, MgO, CaO, Na2O, K2O, P2O5, La, Ce, Pr, Nd, Sm, Eu, Gd, Tb, Dy, Ho, Er, Tm, Yb, Lu",0.8850509119292768,5.315740990084911,3.135559932432435,0.4008600903044268,0.3221160135135137
Top importance,Top_12,12,"Rb, Yb, Lu, Tm, Th, Ho, Y, Er, K2O, Ba, Sr, Al2O3",0.8837294180158275,5.346209456888021,3.1549320270270296,0.4313285571075367,0.34148810810810826
Group preset,REE_plus_trace_non_REE,22,"La, Ce, Pr, Nd, Sm, Eu, Gd, Tb, Dy, Ho, Er, Tm, Yb, Lu, Sr, Y, Rb, Ba, Hf, Nb, Ta, Th",0.8795272389663384,5.441961669805143,3.1441188513513545,0.5270807700246589,0.3306749324324332
Top importance,Top_10,10,"Rb, Yb, Lu, Tm, Th, Ho, Y, Er, K2O, Ba",0.8558173256469612,5.953434570501573,3.642509054054057,1.0385536707210887,0.8290651351351355
Group preset,REE_only,14,"La, Ce, Pr, Nd, Sm, Eu, Gd, Tb, Dy, Ho, Er, Tm, Yb, Lu",0.836655594251663,6.336700475325722,3.9478222297297316,1.4218195755452383,1.1343783108108103
Top importance,Top_8,8,"Rb, Yb, Lu, Tm, Th, Ho, Y, Er",0.8178327020335814,6.691850884505679,4.249935810810812,1.776969984725195,1.4364918918918907
Group preset,Majors_only,10,"SiO2, TiO2, Al2O3, FeO, MnO, MgO, CaO, Na2O, K2O, P2O5",0.8161457198701196,6.722764823691377,4.112498378378381,1.807883923910893,1.2990544594594593
Top importance,Top_6,6,"Rb, Yb, Lu, Tm, Th, Ho",0.8015461740475123,6.984587858060987,4.43922837837838,2.069706958280503,1.6257844594594588
Top importance,Top_4,4,"Rb, Yb, Lu, Tm",0.7297519413853255,8.150651758442121,5.438744436936939,3.2357708586616374,2.6253005180180176
