Dropped_Feature,n_features,R2,RMSE_km,MAE_km,Delta_RMSE_vs_full_km,Delta_MAE_vs_full_km,Delta_R2_vs_full
Rb,31,0.8980189863408454,5.006920651368597,2.8797841216216247,0.09203975158811328,0.06634020270270335,-0.0037148722278896873
K2O,31,0.898501189409094,4.995069360800654,2.8561369594594623,0.08018846102017019,0.042693040540541016,-0.003232669159641155
Al2O3,31,0.8988999773180757,4.985246912052438,2.8507189864864895,0.07036601227195405,0.037275067567568154,-0.00283388125065942
Sr,31,0.9003996067178803,4.948135379482095,2.871288175675678,0.03325447970161122,0.05784425675675653,-0.001334251850854784
Eu,31,0.9010772325112626,4.9312744691223145,2.841584662162165,0.01639356934183045,0.028140743243243893,-0.0006566260574725202
TiO2,31,0.9011416663581486,4.929668202185125,2.8281566216216243,0.01478730240464099,0.014712702702702973,-0.0005921922105864841
P2O5,31,0.9012471694669661,4.927036991749459,2.82961756756757,0.012156091968974714,0.016173648648648786,-0.00048668910176896674
Ho,31,0.9013865757230046,4.9235580921954165,2.8304445270270295,0.008677192414932478,0.017000608108108217,-0.00034728284573048995
Th,31,0.9019593339792805,4.909238970648345,2.8238274324324344,-0.005641929132139012,0.010383513513513076,0.00022547541054540599
MgO,31,0.9021733562578402,4.903877621165889,2.8171864189189217,-0.011003278614595047,0.003742500000000426,0.0004394976891051172
Pr,31,0.9023195853850791,4.900211146010597,2.8280587837837863,-0.014669753769886995,0.014614864864864963,0.0005857268163439455
Sm,31,0.9025225754371928,4.895116924068034,2.7928316216216236,-0.0197639757124497,-0.020612297297297744,0.0007887168684577173
Nb,31,0.9026321237192437,4.892365505466074,2.8088068243243267,-0.022515394314409853,-0.004637094594594604,0.0008982651505086148
Yb,31,0.9029143515111541,4.885269923337385,2.7875341891891914,-0.029610976443098735,-0.025909729729729936,0.0011804929424189536
FeO,31,0.9031080205927391,4.880394856504123,2.7963662162162195,-0.0344860432763614,-0.017077702702701814,0.0013741620240039776
Ba,31,0.9032137844089475,4.877730497066593,2.8553591891891914,-0.03715040271389114,0.04191527027027009,0.0014799258402123927
Gd,31,0.9032208536847157,4.877552358829336,2.798705000000002,-0.03732854095114835,-0.014738918918919097,0.001486995115980605
Nd,31,0.9037487928753037,4.8642304163486205,2.8040570945945964,-0.05065048343186351,-0.009386824324324916,0.0020149343065686276
Ta,31,0.9039178582417163,4.859956525326904,2.768451081081083,-0.054924374453579894,-0.04499283783783836,0.0021839996729812183
Y,31,0.9042774119465538,4.850854661129175,2.7881061486486525,-0.06402623865130863,-0.025337770270268845,0.0025435533778186414
Tb,31,0.9044664275402803,4.846063000845342,2.7938429729729752,-0.06881789893514245,-0.01960094594594608,0.0027325689715451684
Hf,31,0.904575723747698,4.843290112374192,2.790291621621624,-0.07159078740629177,-0.02315229729729751,0.002841865178962899
Tm,31,0.9048389383660773,4.836605728011793,2.797332635135138,-0.07827517176869137,-0.016111283783783126,0.003105079797342203
SiO2,31,0.9052645439228367,4.825777806211027,2.7453222972973004,-0.08910309356945678,-0.06812162162162094,0.0035306853541016148
Ce,31,0.9052659166645906,4.8257428426875375,2.792891148648651,-0.08913805709294653,-0.020552770270270138,0.0035320580958554393
Er,31,0.9052882948657528,4.825172837582145,2.7736335135135155,-0.08970806219833882,-0.03981040540540581,0.0035544362970176824
Dy,31,0.9054214534592666,4.821779702490705,2.777436756756759,-0.09310119728977906,-0.03600716216216249,0.003687594890531498
La,31,0.9054238379883331,4.821718918376628,2.7751043918918947,-0.09316198140385623,-0.03833952702702659,0.003689979419598033
CaO,31,0.9061754263065689,4.802521817946416,2.769074459459462,-0.11235908183406806,-0.04436945945945947,0.004441567737833774
Na2O,31,0.9063560993001498,4.79789560928764,2.7773809459459478,-0.11698529049284367,-0.03606297297297356,0.004622240731414706
Lu,31,0.9064446609205591,4.795626321505907,2.7842904729729745,-0.1192545782745773,-0.02915344594594682,0.004710802351823973
MnO,31,0.9070433094098336,4.780258402079892,2.757922364864867,-0.1346224977005921,-0.055521554054054345,0.005309450841098462
