Feature_Set,n_features,n_external_rows_compared_to_full,External_MAE_vs_Full32_km,External_Median_Delta_vs_Full32_km,External_P90_Abs_Delta_vs_Full32_km
Full_32,32,978,0.0,0.0,0.0
Top_24,24,978,1.1482962167689161,0.1521666666666448,2.3985466666666704
Top_20,20,978,1.4873483299250174,-0.19373333333332,3.193933333333347
Top_16,16,978,1.990516325835038,0.525533333333339,4.443699999999972
Majors_plus_trace_non_REE,18,978,3.583670313565099,0.40911666666664814,8.02306666666668
Core_proxy_plus_major_context,20,978,2.1857057259713697,0.37933333333336705,4.776479999999983
Tiny_proxy_set,10,978,3.1086676209952278,1.174716666666619,6.564219999999987
Trace_non_REE,8,978,4.690369597818678,1.3331333333333113,10.249033333333315
Majors_only,10,978,7.683860668029998,-1.9057666666666684,15.90326333333334
REE_only,14,978,4.344527368779828,0.3734166666666674,9.001643333333353
