Feature,Importance
Rb,0.1065786860623013
Yb,0.10183128873698605
Lu,0.0919470755575271
Tm,0.06293965833525722
Th,0.047533192599695816
Ho,0.04445269750477238
Y,0.03911328255822103
Er,0.036807869853598456
K2O,0.03645780066128805
Ba,0.03366447396684422
Sr,0.031858567416906104
Al2O3,0.02867239791987829
Pr,0.026252286251210878
P2O5,0.025157445161870646
Nd,0.023869539102600923
Dy,0.021606719278230536
Ce,0.020874934384860964
La,0.020740266404096205
MnO,0.020345052877461467
TiO2,0.019414384968200256
Na2O,0.018790228077080886
Nb,0.01769154484246676
Sm,0.015417223928400914
Tb,0.014791351660994578
Ta,0.013798804568070514
Hf,0.013722141860503089
FeO,0.012334521355961027
CaO,0.011731201985183194
Gd,0.01117413874344917
SiO2,0.01076716892321448
MgO,0.010400239454165626
Eu,0.009263814998701866
